kind,shape_sig,dtype,v3_id,v4_id,v3_e2e_us,v4_e2e_us,diff_v3_minus_v4_us,ratio_v3_over_v4,v3_device_us,v4_device_us
func,"q:2,1,2,32/bf16 | k:2,1,1,32/bf16 | v:2,1,1,32/bf16",bf16,4,1,1690.23,1701.11,-10.87,0.994,,
func,"q:4,1,1,32/bf16 | k:4,1,1,32/bf16 | v:4,1,1,32/bf16",bf16,5,2,1689.57,1698.14,-8.57,0.995,,
func,"q:1,16,1,16/bf16 | k:1,16,1,16/bf16 | v:1,16,1,16/bf16",bf16,6,6,1693.29,1694.46,-1.17,0.999,,
func,"q:2,7,2,16/bf16 | k:2,7,2,16/bf16 | v:2,7,2,16/bf16",bf16,9,9,1694.93,1700.72,-5.79,0.997,,
func,"q:2,4,8,16/fp16 | k:2,15,2,16/fp16 | v:2,15,2,16/fp16",fp16,11,10,534.87,388.07,146.81,1.378,,
func,"q:2,1,2,64/bf16 | k:2,7,2,64/bf16 | v:2,7,2,64/bf16",bf16,12,12,511.68,397.65,114.02,1.287,,
func,"q:2,8,4,16/fp16 | k:2,8,4,16/fp16 | v:2,8,4,16/fp16",fp16,13,13,513.21,393.79,119.42,1.303,,
func,"q:1,32,1,32/bf16 | k:1,32,1,32/bf16 | v:1,32,1,32/bf16",bf16,15,14,1692.01,1705.58,-13.56,0.992,,
func,"q:2,2,2,32/bf16 | k:2,32,1,32/bf16 | v:2,32,1,32/bf16",bf16,18,16,1693.63,1700.7,-7.07,0.996,,
func,"q:1,17,8,16/bf16 | k:1,17,1,16/bf16 | v:1,17,1,16/bf16",bf16,19,17,1698.11,1715.42,-17.31,0.99,,
func,"q:1,1,16,32/fp16 | k:1,17,4,32/fp16 | v:1,17,4,32/fp16",fp16,21,18,1696.91,1695.51,1.41,1.001,,
func,"q:1,7,4,64/bf16 | k:1,4,4,64/bf16 | v:1,4,4,64/bf16",bf16,26,19,519.91,397.47,122.44,1.308,,
func,"q:1,15,2,64/bf16 | k:1,15,1,64/bf16 | v:1,15,1,64/bf16",bf16,28,20,1692.93,1704.42,-11.49,0.993,,
func,"q:2,8,4,16/fp16 | k:2,16,4,16/fp16 | v:2,16,4,16/fp16",fp16,32,21,561.82,404.24,157.58,1.39,,
func,"q:2,2,16,32/bf16 | k:2,4,4,32/bf16 | v:2,4,4,32/bf16",bf16,35,22,498.17,388.84,109.33,1.281,,
func,"q:1,65,1,16/fp16 | k:1,128,1,16/fp16 | v:1,128,1,16/fp16",fp16,52,23,519.4,395.58,123.82,1.313,,
func,"q:4,7,1,64/bf16 | k:4,8,1,64/bf16 | v:4,8,1,64/bf16",bf16,54,25,1691.44,1694.57,-3.13,0.998,,
func,"q:4,4,2,128/fp16 | k:4,4,1,128/fp16 | v:4,4,1,128/fp16",fp16,64,39,1692.02,1690.91,1.11,1.001,,
func,"q:2,4,16,16/fp16 | k:2,17,8,16/fp16 | v:2,17,8,16/fp16",fp16,65,42,530.72,397.48,133.24,1.335,,
func,"q:1,7,4,128/bf16 | k:1,7,4,128/bf16 | v:1,7,4,128/bf16",bf16,69,45,1693.27,1688.96,4.31,1.003,,
func,"q:8,2,4,64/fp16 | k:8,2,4,64/fp16 | v:8,2,4,64/fp16",fp16,72,48,1705.43,1701.23,4.2,1.002,,
func,"q:4,1,2,16/bf16 | k:4,64,2,16/bf16 | v:4,64,2,16/bf16",bf16,75,51,1696.29,1694.38,1.9,1.001,,
func,"q:2,33,1,64/fp16 | k:2,33,1,64/fp16 | v:2,33,1,64/fp16",fp16,82,52,1695.4,1698.71,-3.31,0.998,,
func,"q:1,256,1,32/bf16 | k:1,33,1,32/bf16 | v:1,33,1,32/bf16",bf16,83,56,499.87,409.22,90.65,1.222,,
func,"q:8,31,2,16/fp16 | k:8,8,2,16/fp16 | v:8,8,2,16/fp16",fp16,85,57,510.39,403.92,106.46,1.264,,
func,"q:1,17,8,64/fp16 | k:1,8,4,64/fp16 | v:1,8,4,64/fp16",fp16,95,61,520.61,408.29,112.31,1.275,,
func,"q:1,17,16,16/bf16 | k:1,65,8,16/bf16 | v:1,65,8,16/bf16",bf16,104,63,1712.97,1684.32,28.65,1.017,,
func,"q:1,15,4,128/fp16 | k:1,15,4,128/fp16 | v:1,15,4,128/fp16",fp16,107,65,1712.53,1678.81,33.72,1.02,,
func,"q:1,64,1,128/bf16 | k:1,64,1,128/bf16 | v:1,64,1,128/bf16",bf16,109,69,1697.97,1686.1,11.88,1.007,,
func,"q:8,32,1,32/bf16 | k:8,32,1,32/bf16 | v:8,32,1,32/bf16",bf16,110,70,1699.62,1690.48,9.14,1.005,,
func,"q:4,256,1,16/fp16 | k:4,2,1,16/fp16 | v:4,2,1,16/fp16",fp16,111,73,496.51,394.88,101.63,1.257,,
func,"q:1,33,4,64/bf16 | k:1,33,4,64/bf16 | v:1,33,4,64/bf16",bf16,113,76,1697.3,1692.69,4.61,1.003,,
func,"q:4,7,8,64/bf16 | k:4,7,2,64/bf16 | v:4,7,2,64/bf16",bf16,114,78,1703.62,1699.77,3.86,1.002,,
func,"q:8,32,1,64/fp16 | k:8,15,1,64/fp16 | v:8,15,1,64/fp16",fp16,115,83,543.15,416.06,127.09,1.305,,
func,"q:2,15,4,128/bf16 | k:2,15,4,128/bf16 | v:2,15,4,128/bf16",bf16,120,86,1699.45,1694.73,4.72,1.003,,
func,"q:4,128,1,64/fp16 | k:4,8,1,64/fp16 | v:4,8,1,64/fp16",fp16,126,98,528.65,393.06,135.6,1.345,,
func,"q:1,257,1,128/bf16 | k:1,17,1,128/bf16 | v:1,17,1,128/bf16",bf16,127,100,518.03,383.0,135.03,1.353,,
func,"q:8,31,4,32/fp16 | k:8,15,1,32/fp16 | v:8,15,1,32/fp16",fp16,134,102,532.39,382.64,149.75,1.391,,
func,"q:8,7,4,16/bf16 | k:8,257,1,16/bf16 | v:8,257,1,16/bf16",bf16,137,104,1720.68,1695.19,25.5,1.015,,
func,"q:1,15,8,256/bf16 | k:1,15,2,256/bf16 | v:1,15,2,256/bf16",bf16,138,108,1702.04,1690.54,11.5,1.007,,
func,"q:1,7,16,64/fp16 | k:1,65,8,64/fp16 | v:1,65,8,64/fp16",fp16,139,109,1721.37,1688.22,33.15,1.02,,
func,"q:4,15,16,16/fp16 | k:4,33,16,16/fp16 | v:4,33,16,16/fp16",fp16,141,120,566.77,381.27,185.5,1.487,,
func,"q:2,129,1,128/bf16 | k:2,64,1,128/bf16 | v:2,64,1,128/bf16",bf16,143,121,513.9,395.53,118.37,1.299,,
func,"q:2,7,16,128/fp16 | k:2,129,1,128/fp16 | v:2,129,1,128/fp16",fp16,144,124,572.18,382.13,190.04,1.497,,
func,"q:8,17,1,256/bf16 | k:8,17,1,256/bf16 | v:8,17,1,256/bf16",bf16,146,133,1734.26,1685.72,48.53,1.029,,
func,"q:8,2,16,32/fp16 | k:8,16,16,32/fp16 | v:8,16,16,32/fp16",fp16,147,138,1768.26,1704.25,64.01,1.038,,
func,"q:2,8,16,256/fp16 | k:2,8,2,256/fp16 | v:2,8,2,256/fp16",fp16,148,139,537.67,382.68,154.99,1.405,,
func,"q:2,16,4,64/bf16 | k:2,129,4,64/bf16 | v:2,129,4,64/bf16",bf16,149,141,1742.42,1692.24,50.18,1.03,,
func,"q:8,2,16,32/fp16 | k:8,65,4,32/fp16 | v:8,65,4,32/fp16",fp16,157,142,492.51,438.36,54.14,1.124,,
func,"q:8,64,4,32/fp16 | k:8,129,1,32/fp16 | v:8,129,1,32/fp16",fp16,162,150,1823.52,1743.59,79.93,1.046,,
func,"q:2,15,8,256/fp16 | k:2,15,8,256/fp16 | v:2,15,8,256/fp16",fp16,166,153,1722.02,1689.0,33.02,1.02,,
func,"q:2,8,1,256/bf16 | k:2,256,1,256/bf16 | v:2,256,1,256/bf16",bf16,170,158,1738.8,1676.16,62.64,1.037,,
func,"q:2,64,16,64/fp16 | k:2,128,1,64/fp16 | v:2,128,1,64/fp16",fp16,172,160,528.25,382.29,145.96,1.382,,
func,"q:8,96,8,32/bf16 | k:8,128,1,32/bf16 | v:8,128,1,32/bf16",bf16,174,169,1758.3,1768.97,-10.67,0.994,,
func,"q:8,2,2,256/fp16 | k:8,65,2,256/fp16 | v:8,65,2,256/fp16",fp16,175,172,496.46,394.08,102.38,1.26,,
func,"q:1,257,16,128/bf16 | k:1,256,2,128/bf16 | v:1,256,2,128/bf16",bf16,181,185,543.35,382.87,160.48,1.419,,
func,"q:8,64,4,128/fp16 | k:8,129,4,128/fp16 | v:8,129,4,128/fp16",fp16,185,191,1766.05,1746.37,19.68,1.011,,
func,"q:8,1,16,32/fp16 | k:8,256,16,32/fp16 | v:8,256,16,32/fp16",fp16,192,192,1722.38,1696.81,25.57,1.015,,
func,"q:4,257,8,128/fp16 | k:4,8,4,128/fp16 | v:4,8,4,128/fp16",fp16,195,193,575.64,396.07,179.57,1.453,,
func,"q:4,15,4,256/fp16 | k:4,256,4,256/fp16 | v:4,256,4,256/fp16",fp16,197,196,548.12,386.31,161.81,1.419,,
varlen,"q:1,4,32/bf16 | k:1,2,32/bf16 | v:1,2,32/bf16 | cu_seqlens_q:2/int32 | cu_seqlens_k:2/int32",bf16,2,2,2541.8,2436.65,105.15,1.043,,
varlen,"q:2,1,64/bf16 | k:2,1,64/bf16 | v:2,1,64/bf16 | cu_seqlens_q:3/int32 | cu_seqlens_k:3/int32",bf16,7,4,1109.47,1055.52,53.95,1.051,,
varlen,"q:4,1,16/bf16 | k:17,1,16/bf16 | v:17,1,16/bf16 | cu_seqlens_q:3/int32 | cu_seqlens_k:3/int32",bf16,9,7,1181.36,1007.54,173.82,1.173,,
varlen,"q:2,4,32/fp16 | k:2,4,32/fp16 | v:2,4,32/fp16 | cu_seqlens_q:3/int32 | cu_seqlens_k:3/int32",fp16,11,8,2503.98,2384.93,119.05,1.05,,
varlen,"q:8,1,64/bf16 | k:2,1,64/bf16 | v:2,1,64/bf16 | cu_seqlens_q:2/int32 | cu_seqlens_k:2/int32",bf16,13,11,1110.57,1019.45,91.13,1.089,,
varlen,"q:8,4,16/fp16 | k:8,1,16/fp16 | v:8,1,16/fp16 | cu_seqlens_q:2/int32 | cu_seqlens_k:2/int32",fp16,14,12,2693.66,2342.91,350.76,1.15,,
varlen,"q:7,1,16/fp16 | k:33,1,16/fp16 | v:33,1,16/fp16 | cu_seqlens_q:5/int32 | cu_seqlens_k:5/int32",fp16,15,13,2511.11,2347.82,163.3,1.07,,
varlen,"q:8,1,32/fp16 | k:15,1,32/fp16 | v:15,1,32/fp16 | cu_seqlens_q:9/int32 | cu_seqlens_k:9/int32",fp16,16,14,1320.89,1014.09,306.8,1.303,,
varlen,"q:4,2,32/fp16 | k:8,2,32/fp16 | v:8,2,32/fp16 | cu_seqlens_q:2/int32 | cu_seqlens_k:2/int32",fp16,18,15,1201.92,990.63,211.29,1.213,,
varlen,"q:17,2,16/bf16 | k:7,2,16/bf16 | v:7,2,16/bf16 | cu_seqlens_q:5/int32 | cu_seqlens_k:5/int32",bf16,19,17,1243.5,1000.4,243.1,1.243,,
varlen,"q:7,1,64/bf16 | k:7,1,64/bf16 | v:7,1,64/bf16 | cu_seqlens_q:5/int32 | cu_seqlens_k:5/int32",bf16,24,18,2594.73,2439.03,155.7,1.064,,
varlen,"q:2,1,256/bf16 | k:2,1,256/bf16 | v:2,1,256/bf16 | cu_seqlens_q:3/int32 | cu_seqlens_k:3/int32",bf16,25,23,2670.03,2347.68,322.35,1.137,,
varlen,"q:4,8,32/bf16 | k:2,2,32/bf16 | v:2,2,32/bf16 | cu_seqlens_q:3/int32 | cu_seqlens_k:3/int32",bf16,26,24,1143.8,974.57,169.22,1.174,,
varlen,"q:4,1,32/bf16 | k:33,1,32/bf16 | v:33,1,32/bf16 | cu_seqlens_q:5/int32 | cu_seqlens_k:5/int32",bf16,30,25,2620.96,2429.85,191.1,1.079,,
varlen,"q:2,1,128/bf16 | k:8,1,128/bf16 | v:8,1,128/bf16 | cu_seqlens_q:3/int32 | cu_seqlens_k:3/int32",bf16,32,26,2536.01,2342.62,193.39,1.083,,
varlen,"q:2,4,32/bf16 | k:17,2,32/bf16 | v:17,2,32/bf16 | cu_seqlens_q:3/int32 | cu_seqlens_k:3/int32",bf16,38,27,1136.77,982.0,154.78,1.158,,
varlen,"q:8,4,16/fp16 | k:17,4,16/fp16 | v:17,4,16/fp16 | cu_seqlens_q:3/int32 | cu_seqlens_k:3/int32",fp16,39,30,2554.36,2355.41,198.95,1.084,,
varlen,"q:96,1,16/bf16 | k:7,1,16/bf16 | v:7,1,16/bf16 | cu_seqlens_q:5/int32 | cu_seqlens_k:5/int32",bf16,41,31,1191.36,974.83,216.53,1.222,,
varlen,"q:2,2,16/fp16 | k:65,2,16/fp16 | v:65,2,16/fp16 | cu_seqlens_q:3/int32 | cu_seqlens_k:3/int32",fp16,42,40,2423.1,2320.68,102.42,1.044,,
varlen,"q:1,1,256/fp16 | k:8,1,256/fp16 | v:8,1,256/fp16 | cu_seqlens_q:2/int32 | cu_seqlens_k:2/int32",fp16,44,44,1165.62,986.12,179.5,1.182,,
varlen,"q:4,16,32/fp16 | k:1,16,32/fp16 | v:1,16,32/fp16 | cu_seqlens_q:2/int32 | cu_seqlens_k:2/int32",fp16,45,47,1123.77,960.07,163.7,1.171,,
varlen,"q:2,4,64/bf16 | k:8,4,64/bf16 | v:8,4,64/bf16 | cu_seqlens_q:2/int32 | cu_seqlens_k:2/int32",bf16,48,48,1115.94,1025.24,90.7,1.088,,
varlen,"q:7,16,16/fp16 | k:17,4,16/fp16 | v:17,4,16/fp16 | cu_seqlens_q:2/int32 | cu_seqlens_k:2/int32",fp16,54,51,1034.51,954.94,79.57,1.083,,
varlen,"q:17,1,64/fp16 | k:32,1,64/fp16 | v:32,1,64/fp16 | cu_seqlens_q:5/int32 | cu_seqlens_k:5/int32",fp16,56,54,2486.19,2412.68,73.51,1.03,,
varlen,"q:7,4,64/fp16 | k:7,4,64/fp16 | v:7,4,64/fp16 | cu_seqlens_q:3/int32 | cu_seqlens_k:3/int32",fp16,61,57,2792.58,2414.99,377.59,1.156,,
varlen,"q:7,16,32/bf16 | k:7,2,32/bf16 | v:7,2,32/bf16 | cu_seqlens_q:3/int32 | cu_seqlens_k:3/int32",bf16,71,61,2718.46,2363.27,355.19,1.15,,
varlen,"q:16,4,32/fp16 | k:16,4,32/fp16 | v:16,4,32/fp16 | cu_seqlens_q:3/int32 | cu_seqlens_k:3/int32",fp16,72,63,1276.75,1038.2,238.55,1.23,,
varlen,"q:4,16,32/bf16 | k:8,8,32/bf16 | v:8,8,32/bf16 | cu_seqlens_q:5/int32 | cu_seqlens_k:5/int32",bf16,74,64,2526.1,2366.2,159.9,1.068,,
varlen,"q:16,2,64/bf16 | k:17,2,64/bf16 | v:17,2,64/bf16 | cu_seqlens_q:3/int32 | cu_seqlens_k:3/int32",bf16,75,67,1109.3,1028.33,80.97,1.079,,
varlen,"q:17,16,16/bf16 | k:17,1,16/bf16 | v:17,1,16/bf16 | cu_seqlens_q:3/int32 | cu_seqlens_k:3/int32",bf16,86,73,2409.58,2359.81,49.77,1.021,,
varlen,"q:2,4,64/fp16 | k:33,2,64/fp16 | v:33,2,64/fp16 | cu_seqlens_q:3/int32 | cu_seqlens_k:3/int32",fp16,100,74,1173.75,980.49,193.26,1.197,,
varlen,"q:8,2,128/bf16 | k:15,2,128/bf16 | v:15,2,128/bf16 | cu_seqlens_q:2/int32 | cu_seqlens_k:2/int32",bf16,106,78,3334.81,2339.51,995.31,1.425,,
varlen,"q:16,2,128/bf16 | k:8,2,128/bf16 | v:8,2,128/bf16 | cu_seqlens_q:9/int32 | cu_seqlens_k:9/int32",bf16,109,84,1668.5,990.87,677.64,1.684,,
varlen,"q:8,8,64/bf16 | k:8,8,64/bf16 | v:8,8,64/bf16 | cu_seqlens_q:2/int32 | cu_seqlens_k:2/int32",bf16,111,90,3681.28,2329.98,1351.31,1.58,,
varlen,"q:8,4,128/fp16 | k:8,4,128/fp16 | v:8,4,128/fp16 | cu_seqlens_q:9/int32 | cu_seqlens_k:9/int32",fp16,116,92,3867.07,2332.27,1534.8,1.658,,
varlen,"q:65,1,128/fp16 | k:7,1,128/fp16 | v:7,1,128/fp16 | cu_seqlens_q:5/int32 | cu_seqlens_k:5/int32",fp16,118,97,2122.04,966.28,1155.76,2.196,,
varlen,"q:16,16,32/bf16 | k:33,1,32/bf16 | v:33,1,32/bf16 | cu_seqlens_q:9/int32 | cu_seqlens_k:9/int32",bf16,123,98,1878.43,983.19,895.24,1.911,,
varlen,"q:15,2,64/fp16 | k:64,2,64/fp16 | v:64,2,64/fp16 | cu_seqlens_q:5/int32 | cu_seqlens_k:5/int32",fp16,124,104,1911.58,974.32,937.26,1.962,,
varlen,"q:16,8,64/bf16 | k:4,8,64/bf16 | v:4,8,64/bf16 | cu_seqlens_q:2/int32 | cu_seqlens_k:2/int32",bf16,125,106,1329.29,958.29,371.0,1.387,,
varlen,"q:1,8,256/bf16 | k:16,2,256/bf16 | v:16,2,256/bf16 | cu_seqlens_q:2/int32 | cu_seqlens_k:2/int32",bf16,127,107,1520.03,947.11,572.92,1.605,,
varlen,"q:31,4,32/bf16 | k:129,2,32/bf16 | v:129,2,32/bf16 | cu_seqlens_q:2/int32 | cu_seqlens_k:2/int32",bf16,130,110,2621.52,965.44,1656.08,2.715,,
varlen,"q:31,16,16/bf16 | k:256,2,16/bf16 | v:256,2,16/bf16 | cu_seqlens_q:9/int32 | cu_seqlens_k:9/int32",bf16,131,119,1740.81,1026.22,714.59,1.696,,
varlen,"q:32,4,64/fp16 | k:129,1,64/fp16 | v:129,1,64/fp16 | cu_seqlens_q:2/int32 | cu_seqlens_k:2/int32",fp16,133,121,3674.54,2334.16,1340.38,1.574,,
varlen,"q:33,2,128/fp16 | k:33,2,128/fp16 | v:33,2,128/fp16 | cu_seqlens_q:9/int32 | cu_seqlens_k:9/int32",fp16,134,125,2121.16,979.42,1141.74,2.166,,
varlen,"q:8,4,64/bf16 | k:65,4,64/bf16 | v:65,4,64/bf16 | cu_seqlens_q:5/int32 | cu_seqlens_k:5/int32",bf16,137,135,2004.0,974.47,1029.54,2.057,,
varlen,"q:7,8,64/fp16 | k:257,1,64/fp16 | v:257,1,64/fp16 | cu_seqlens_q:2/int32 | cu_seqlens_k:2/int32",fp16,138,136,1148.88,977.31,171.56,1.176,,
varlen,"q:128,8,16/fp16 | k:257,1,16/fp16 | v:257,1,16/fp16 | cu_seqlens_q:3/int32 | cu_seqlens_k:3/int32",fp16,143,140,3971.13,2335.15,1635.97,1.701,,
varlen,"q:17,8,128/bf16 | k:32,1,128/bf16 | v:32,1,128/bf16 | cu_seqlens_q:9/int32 | cu_seqlens_k:9/int32",bf16,145,141,3924.96,2329.57,1595.4,1.685,,
varlen,"q:2,16,256/fp16 | k:4,16,256/fp16 | v:4,16,256/fp16 | cu_seqlens_q:3/int32 | cu_seqlens_k:3/int32",fp16,149,142,3289.49,2317.24,972.25,1.42,,
varlen,"q:128,8,32/bf16 | k:15,1,32/bf16 | v:15,1,32/bf16 | cu_seqlens_q:3/int32 | cu_seqlens_k:3/int32",bf16,151,153,2098.42,973.02,1125.4,2.157,,
varlen,"q:256,4,32/fp16 | k:33,1,32/fp16 | v:33,1,32/fp16 | cu_seqlens_q:2/int32 | cu_seqlens_k:2/int32",fp16,156,155,1130.71,977.39,153.32,1.157,,
varlen,"q:65,8,64/fp16 | k:2,8,64/fp16 | v:2,8,64/fp16 | cu_seqlens_q:3/int32 | cu_seqlens_k:3/int32",fp16,165,156,2140.76,984.2,1156.56,2.175,,
varlen,"q:129,1,256/fp16 | k:8,1,256/fp16 | v:8,1,256/fp16 | cu_seqlens_q:2/int32 | cu_seqlens_k:2/int32",fp16,168,161,2723.69,961.7,1761.99,2.832,,
varlen,"q:65,2,256/fp16 | k:65,1,256/fp16 | v:65,1,256/fp16 | cu_seqlens_q:9/int32 | cu_seqlens_k:9/int32",fp16,175,168,3532.95,2316.84,1216.1,1.525,,
varlen,"q:2,8,128/bf16 | k:128,4,128/bf16 | v:128,4,128/bf16 | cu_seqlens_q:3/int32 | cu_seqlens_k:3/int32",bf16,177,175,2139.89,1023.05,1116.84,2.092,,
varlen,"q:65,4,128/fp16 | k:128,4,128/fp16 | v:128,4,128/fp16 | cu_seqlens_q:5/int32 | cu_seqlens_k:5/int32",fp16,178,182,2385.78,2331.17,54.61,1.023,,
varlen,"q:16,16,256/fp16 | k:32,8,256/fp16 | v:32,8,256/fp16 | cu_seqlens_q:5/int32 | cu_seqlens_k:5/int32",fp16,184,184,3282.27,2332.4,949.87,1.407,,
varlen,"q:8,2,256/fp16 | k:257,2,256/fp16 | v:257,2,256/fp16 | cu_seqlens_q:2/int32 | cu_seqlens_k:2/int32",fp16,192,187,4013.45,2319.42,1694.03,1.73,,
varlen,"q:64,8,256/fp16 | k:64,4,256/fp16 | v:64,4,256/fp16 | cu_seqlens_q:9/int32 | cu_seqlens_k:9/int32",fp16,195,191,3589.04,2349.64,1239.4,1.527,,
varlen,"q:1,8,256/bf16 | k:256,8,256/bf16 | v:256,8,256/bf16 | cu_seqlens_q:2/int32 | cu_seqlens_k:2/int32",bf16,197,196,2137.67,1003.99,1133.68,2.129,,
